gameId,team,year,round,playerId,playerName,gameNumber,Disposals,Kicks,Marks,Handballs,Goals,Behinds,Hit Outs,Tackles,Rebounds,Inside 50s,Clearances,Clangers,Frees,Frees Against,Brownlow Votes,Contested Possessions,Uncontested Possessions,Contested Marks,Marks Inside 50,One Percenters,Bounces,Goal Assists,% Played,Subs
2021R2309,Adelaide,2021,R23,2020665315,"Butts, Jordon",24,9,7,6,2,0,0,0,1,2,1,0,2,0,2,0,2,7,2,0,6,0,0,100,-
2021R2309,Adelaide,2021,R23,2021678665,"Cook, Brayden",3,19,8,2,11,0,0,0,0,0,4,0,1,0,0,0,6,13,0,0,0,1,0,69,-
2021R2309,Adelaide,2021,R23,2019683521,"Davis, Ben",6,10,3,1,7,0,0,0,0,1,1,0,2,1,1,0,4,6,0,0,2,0,0,77,-
2021R2309,Adelaide,2021,R23,2018689604,"Doedee, Tom",51,13,9,2,4,0,0,0,3,1,2,0,4,0,1,0,5,7,1,0,1,1,0,92,-
2021R2309,Adelaide,2021,R23,2018704381,"Fogarty, Darcy",41,6,3,3,3,0,1,0,2,0,1,0,0,1,0,0,3,3,0,1,2,0,1,90,-
2021R2309,Adelaide,2021,R23,2018703883,"Frampton, Billy",18,11,6,5,5,0,0,0,1,5,0,0,3,0,1,0,3,8,1,0,3,0,0,80,-
2021R2309,Adelaide,2021,R23,2021712671,"Gollant, Lachlan",1,11,7,3,4,1,1,0,1,0,3,0,3,1,0,0,6,5,1,2,0,0,0,77,-
2021R2309,Adelaide,2021,R23,2019748529,"Jones, Chayce",38,11,8,3,3,1,1,0,2,1,2,0,4,0,2,0,4,7,1,0,1,1,0,86,-
2021R2309,Adelaide,2021,R23,2016755444,"Keays, Ben",68,38,20,4,18,2,0,0,6,2,10,6,5,3,1,3,13,25,0,2,1,1,2,80,-
2021R2309,Adelaide,2021,R23,2013762245,"Laird, Rory",182,40,14,4,26,0,0,0,8,2,1,10,1,2,0,2,17,24,0,0,0,0,0,80,-
2021R2309,Adelaide,2021,R23,2010763943,"Lynch, Tom",164,23,12,6,11,1,0,0,2,0,2,2,2,0,1,0,8,15,1,1,1,0,0,87,-
2021R2309,Adelaide,2021,R23,2008774238,"Mackay, David",248,19,13,4,6,1,3,0,2,1,5,2,2,0,0,0,8,13,0,2,2,0,2,85,-
2021R2309,Adelaide,2021,R23,2020773834,"McAdam, Shane",28,14,10,8,4,3,0,0,3,0,1,0,2,2,0,0,6,8,3,5,3,0,0,78,-
2021R2309,Adelaide,2021,R23,2020777569,"McHenry, Ned",29,24,11,6,13,1,3,0,1,0,4,0,4,1,3,0,10,16,1,2,1,0,1,80,-
2021R2309,Adelaide,2021,R23,2020772453,"McPherson, Andrew",27,22,16,5,6,0,0,0,2,3,3,0,3,0,0,0,4,16,1,0,2,0,0,87,-
2021R2309,Adelaide,2021,R23,2018774782,"Murphy, Lachlan",59,13,8,2,5,0,4,0,3,0,1,1,1,2,0,0,4,9,0,2,0,1,1,78,-
2021R2309,Adelaide,2021,R23,2021823478,"Rowe, James",19,0,0,0,0,0,0,0,0,0,0,0,0,0,0,0,0,0,0,0,0,0,0,0,-
2021R2309,Adelaide,2021,R23,2020839071,"Schoenberg, Harry",30,24,11,4,13,1,1,0,8,2,4,6,2,1,1,0,10,14,0,0,2,1,2,65,-
2021R2309,Adelaide,2021,R23,2012834096,"Seedsman, Paul",132,23,11,5,12,1,0,0,2,2,4,2,3,0,1,0,5,16,0,1,0,2,0,87,-
2021R2309,Adelaide,2021,R23,2009835778,"Sloane, Rory",229,27,11,4,16,0,0,0,7,1,2,6,1,0,1,0,13,13,0,1,1,0,0,76,-
2021R2309,Adelaide,2021,R23,2011832909,"Smith, Brodie",204,25,20,7,5,0,1,0,1,5,2,2,2,0,0,0,5,19,1,1,3,0,0,79,-
2021R2309,Adelaide,2021,R23,2020831323,"Strachan, Kieran",3,18,5,2,13,0,1,34,1,0,3,3,6,0,4,0,9,12,1,0,2,0,0,83,-
2021R2309,Adelaide,2021,R23,2021845288,"Thilthorpe, Riley",14,18,9,4,9,1,1,3,1,0,1,2,2,0,0,0,7,10,0,2,3,0,0,87,-
2021R2304,Brisbane Lions,2021,R23,2016652575,"Adams, Marcus",53,15,14,5,1,0,0,0,1,4,2,0,2,1,0,0,5,8,3,0,9,0,0,100,-
2021R2304,Brisbane Lions,2021,R23,2016654616,"Ah Chee, Callum",84,8,5,1,3,0,0,0,3,1,1,2,3,0,0,0,3,5,0,0,0,0,0,73,-
2021R2304,Brisbane Lions,2021,R23,2018665491,"Bailey, Zac",68,19,11,2,8,0,1,0,5,3,4,4,3,0,2,0,8,11,0,0,1,0,3,85,-
2021R2304,Brisbane Lions,2021,R23,2017669695,"Berry, Jarrod",83,15,8,3,7,3,1,0,3,0,3,0,0,4,0,0,4,12,0,2,1,0,0,68,-
2021R2304,Brisbane Lions,2021,R23,2006668040,"Birchall, Grant",285,17,13,6,4,0,0,0,3,3,1,1,3,1,2,0,5,12,0,0,2,0,0,82,-
2021R2304,Brisbane Lions,2021,R23,2014678070,"Cameron, Charlie",149,14,10,6,4,3,1,0,6,0,2,1,3,1,1,0,5,8,0,4,1,0,2,91,-
2021R2304,Brisbane Lions,2021,R23,2015671937,"Cockatoo, Nakia",39,7,1,1,6,0,0,0,6,0,1,0,1,0,0,0,4,3,1,0,1,0,3,68,-
2021R2304,Brisbane Lions,2021,R23,2020674302,"Coleman, Keidean",21,14,9,5,5,0,0,0,2,1,4,1,1,2,0,0,8,6,2,0,5,0,1,70,-
2021R2304,Brisbane Lions,2021,R23,2013689718,"Daniher, Joe",130,12,10,5,2,4,2,0,0,0,1,1,3,0,3,0,7,4,3,3,1,0,0,93,-
2021R2304,Brisbane Lions,2021,R23,2020704278,"Fullarton, Tom",12,6,4,2,2,0,0,1,2,0,2,1,4,0,1,0,5,2,1,1,0,0,0,64,-
2021R2304,Brisbane Lions,2021,R23,2014713583,"Gardiner, Darcy",131,6,3,2,3,0,0,0,0,2,0,0,1,0,1,0,2,4,0,0,5,0,0,90,-
2021R2304,Brisbane Lions,2021,R23,2011768267,"Lester, Ryan",157,12,5,4,7,0,0,0,4,3,0,0,0,0,0,0,2,10,0,0,5,0,0,83,-
2021R2304,Brisbane Lions,2021,R23,2012767797,"Lyons, Jarryd",157,19,11,5,8,1,0,0,14,2,6,3,2,2,1,0,7,13,0,0,2,0,1,75,-
2021R2304,Brisbane Lions,2021,R23,2016773696,"Mathieson, Rhys",61,0,0,0,0,0,0,0,0,0,0,0,0,0,0,0,0,0,0,0,0,0,0,0,-
2021R2304,Brisbane Lions,2021,R23,2012775679,"McCarthy, Lincoln",92,14,7,3,7,2,1,0,5,0,1,0,0,0,0,0,4,8,0,1,1,0,0,81,-
2021R2304,Brisbane Lions,2021,R23,2017777675,"McCluggage, Hugh",104,19,12,2,7,1,0,0,0,3,3,3,2,1,0,0,6,12,0,0,0,0,1,81,-
2021R2304,Brisbane Lions,2021,R23,2018777090,"McInerney, Oscar",77,15,7,3,8,0,0,24,4,4,3,3,4,1,2,0,8,7,1,0,4,0,0,90,-
2021R2304,Brisbane Lions,2021,R23,2014774590,"McStay, Daniel",138,15,8,5,7,2,1,0,4,0,2,2,0,3,0,0,8,7,3,2,3,0,1,94,-
2021R2304,Brisbane Lions,2021,R23,2012786162,"Neale, Lachie",193,29,12,1,17,1,1,0,8,3,6,7,5,4,2,0,14,18,0,0,3,2,0,85,-
2021R2304,Brisbane Lions,2021,R23,2021804686,"Prior, Jaxon",17,14,8,2,6,0,0,0,2,3,1,5,1,1,1,0,7,7,0,0,2,0,1,67,-
2021R2304,Brisbane Lions,2021,R23,2009828438,"Rich, Daniel",244,29,24,6,5,1,1,0,2,7,8,1,5,2,0,2,8,15,2,0,4,0,1,83,-
2021R2304,Brisbane Lions,2021,R23,2018836883,"Starcevich, Brandon",45,14,7,3,7,0,0,0,0,3,2,1,1,1,1,0,8,7,1,0,5,1,0,92,-
2021R2304,Brisbane Lions,2021,R23,2012905229,"Zorko, Dayne",206,27,15,3,12,1,0,0,8,1,8,6,6,0,1,3,13,11,0,0,3,0,1,86,-
2021R2306,Carlton,2021,R23,2005667052,"Betts, Eddie",350,9,4,2,5,2,0,0,1,0,0,0,2,0,1,0,3,4,1,1,5,0,0,84,-
2021R2306,Carlton,2021,R23,2012674522,"Casboult, Levi",154,8,4,4,4,2,0,10,1,0,0,1,3,0,2,0,5,3,3,2,4,0,1,86,-
2021R2306,Carlton,2021,R23,2014676336,"Cripps, Patrick",138,17,0,1,17,0,0,0,1,0,0,6,4,2,3,0,12,6,0,0,1,0,1,51,Off
2021R2306,Carlton,2021,R23,2016676081,"Curnow, Charlie",62,15,9,6,6,0,1,0,0,0,3,0,6,0,1,0,6,10,1,1,0,0,0,82,-
2021R2306,Carlton,2021,R23,2011679390,"Curnow, Ed",204,25,16,8,9,4,0,0,2,0,4,1,4,0,2,2,7,18,0,3,3,0,0,83,-
2021R2306,Carlton,2021,R23,2018682020,"De Koning, Tom",22,10,7,4,3,0,0,32,5,3,1,3,2,2,1,0,7,4,1,0,2,0,0,78,-
2021R2306,Carlton,2021,R23,2018682738,"Dow, Paddy",59,6,1,1,5,0,1,0,0,0,1,0,1,0,1,0,0,6,0,0,0,0,0,23,On
2021R2306,Carlton,2021,R23,2021688595,"Durdin, Corey",2,3,3,1,0,1,0,0,1,0,1,0,0,1,0,0,1,3,0,0,0,0,1,80,-
2021R2306,Carlton,2021,R23,2017703824,"Fisher, Zac",73,14,7,1,7,1,0,0,5,2,2,4,2,0,2,0,5,11,0,1,1,1,1,80,-
2021R2306,Carlton,2021,R23,2018707413,"Fogarty, Lachie",40,20,12,7,8,0,0,0,4,2,1,2,2,0,2,0,6,16,0,1,1,0,2,73,-
2021R2306,Carlton,2021,R23,2020723773,"Honey, Josh",6,5,3,1,2,0,0,0,1,1,2,0,1,0,0,0,3,1,0,0,0,0,1,68,-
2021R2306,Carlton,2021,R23,2021756692,"Kemp, Brodie",2,14,11,6,3,0,0,0,0,4,2,0,2,0,0,0,1,13,0,0,8,1,0,79,-
2021R2306,Carlton,2021,R23,2016756448,"Kennedy, Matthew",61,21,16,7,5,0,0,0,5,1,5,5,4,1,0,0,6,15,0,0,0,2,0,74,-
2021R2306,Carlton,2021,R23,2016777178,"McGovern, Mitch",81,13,12,5,1,1,0,0,2,0,3,0,2,3,0,0,5,8,1,0,0,0,0,84,-
2021R2306,Carlton,2021,R23,2017786748,"Newman, Nic",67,27,21,9,6,0,0,0,3,7,2,0,2,2,2,0,7,14,1,0,1,1,1,91,-
2021R2306,Carlton,2021,R23,2012787112,"Newnes, Jack",191,10,6,2,4,0,0,0,1,1,2,2,0,1,0,0,4,6,0,0,0,1,0,81,-
2021R2306,Carlton,2021,R23,2018794004,"OBrien, Lochie",41,17,14,4,3,0,2,0,0,1,5,0,1,0,0,0,3,13,0,0,1,2,0,88,-
2021R2306,Carlton,2021,R23,2013803908,"Plowman, Lachie",129,11,6,3,5,0,0,0,1,1,0,0,1,0,1,0,4,6,0,0,5,0,0,89,-
2021R2306,Carlton,2021,R23,2015839510,"Saad, Adam",131,19,15,5,4,0,1,0,1,5,5,2,3,0,0,0,5,12,0,0,5,1,1,80,-
2021R2306,Carlton,2021,R23,2019833354,"Stocker, Liam",22,23,18,4,5,0,0,0,1,6,2,2,4,0,1,0,6,14,0,0,5,0,0,79,-
2021R2306,Carlton,2021,R23,2019878858,"Walsh, Sam",61,29,9,8,20,0,1,0,3,0,2,5,6,1,0,0,13,16,1,1,0,0,0,86,-
2021R2306,Carlton,2021,R23,2016871370,"Weitering, Jacob",115,14,13,8,1,0,0,0,2,6,1,0,1,0,1,0,4,8,2,0,11,0,0,100,-
2021R2306,Carlton,2021,R23,2017878987,"Williamson, Tom",43,12,10,2,2,0,0,0,2,5,2,1,4,1,0,0,5,5,0,1,2,0,1,82,-
2021R2308,Collingwood,2021,R23,2012656391,"Adams, Taylor",165,31,19,6,12,0,0,0,6,3,4,10,6,2,0,0,15,16,1,0,1,1,0,74,-
2021R2308,Collingwood,2021,R23,2021663611,"Bianco, Trent",12,17,11,5,6,0,0,0,0,0,2,0,4,1,0,0,3,14,0,0,1,0,0,80,-
2021R2308,Collingwood,2021,R23,2018675233,"Cameron, Darcy",29,14,9,9,5,1,1,4,0,1,2,1,5,0,3,0,5,8,3,2,2,0,0,75,-
2021R2308,Collingwood,2021,R23,2012675021,"Crisp, Jack",175,19,9,4,10,0,0,0,2,3,2,4,2,1,2,0,9,12,0,0,0,1,1,86,-
2021R2308,Collingwood,2021,R23,2017688313,"Daicos, Josh",52,17,11,3,6,1,2,0,4,2,1,2,3,2,0,0,7,10,0,0,0,0,0,80,-
2021R2308,Collingwood,2021,R23,2012693235,"Elliott, Jamie",136,18,15,8,3,4,1,0,4,0,5,1,5,1,2,0,7,10,1,3,3,1,0,81,-
2021R2308,Collingwood,2021,R23,2021716435,"Ginnivan, Jack",5,12,10,5,2,0,2,0,1,0,4,1,4,2,2,0,5,10,0,2,3,0,1,74,-
2021R2308,Collingwood,2021,R23,2013718586,"Grundy, Brodie",171,11,3,1,8,0,0,23,3,0,2,3,4,1,1,0,6,6,0,0,3,0,0,79,-
2021R2308,Collingwood,2021,R23,2021729247,"Henry, Oliver",10,5,3,2,2,0,1,0,1,0,1,0,2,0,0,0,2,3,0,1,0,0,1,54,Off
2021R2308,Collingwood,2021,R23,2012724284,"Hoskin-Elliott, Will",157,9,4,5,5,1,0,0,1,0,1,0,2,0,0,0,2,8,0,1,1,0,1,91,-
2021R2308,Collingwood,2021,R23,2011725789,"Howe, Jeremy",195,20,12,4,8,0,0,0,2,4,0,0,5,1,0,0,4,12,0,0,3,0,0,84,-
2021R2308,Collingwood,2021,R23,2018779988,"Madgen, Jack",40,17,10,8,7,0,0,0,1,4,1,0,0,1,0,0,7,10,2,0,4,0,0,87,-
2021R2308,Collingwood,2021,R23,2015777207,"Maynard, Brayden",138,13,9,2,4,0,0,0,2,3,4,1,5,0,3,0,4,10,0,0,1,0,0,86,-
2021R2308,Collingwood,2021,R23,2008777521,"Mayne, Chris",248,23,6,5,17,0,0,0,3,2,1,0,1,0,1,0,10,14,0,0,1,0,1,96,-
2021R2308,Collingwood,2021,R23,2021778355,"McCreery, Beau",13,0,0,0,0,0,0,0,0,0,0,0,1,0,1,0,0,0,0,0,0,0,0,27,On
2021R2308,Collingwood,2021,R23,2018776267,"Murphy, Nathan",17,14,9,4,5,0,1,0,0,4,1,0,4,0,2,0,4,11,0,1,0,0,0,78,-
2021R2308,Collingwood,2021,R23,2019789839,"Noble, John",44,18,11,6,7,0,0,0,1,4,0,0,4,0,0,0,3,15,0,0,2,0,0,83,-
2021R2308,Collingwood,2021,R23,2021824683,"Rantall, Jay",5,8,3,5,5,0,0,0,1,1,1,0,1,0,1,0,1,8,0,0,0,0,0,75,-
2021R2308,Collingwood,2021,R23,2010821389,"Roughead, Jordan",200,11,9,7,2,0,0,0,0,2,1,0,1,0,0,0,2,9,1,0,6,0,0,89,-
2021R2308,Collingwood,2021,R23,2009833817,"Sidebottom, Steele",264,22,12,8,10,0,0,0,1,0,3,3,3,0,1,0,5,19,0,0,2,1,0,80,-
2021R2308,Collingwood,2021,R23,2013847724,"Thomas, Josh",123,16,9,5,7,1,1,0,2,1,3,1,1,2,0,0,6,11,0,1,0,0,0,76,-
2021R2308,Collingwood,2021,R23,2021878393,"Wilson, Tom",4,12,6,1,6,0,0,0,1,1,0,1,2,0,1,0,5,8,1,1,2,0,0,80,-
2021R2308,Collingwood,2021,R23,20151001643,"de Goey, Jordan",118,23,16,8,7,1,1,0,4,2,6,2,4,0,0,0,4,18,1,1,3,0,1,85,-
2021R2308,Essendon,2021,R23,2018673109,"Clarke, Dylan",24,14,6,4,8,0,0,0,2,0,3,1,2,1,0,0,3,13,0,0,2,0,0,79,-
2021R2308,Essendon,2021,R23,2021674111,"Cox, Nik",21,0,0,0,0,0,0,0,0,0,0,0,0,0,0,0,0,0,0,0,0,0,0,0,-
2021R2308,Essendon,2021,R23,2014673527,"Cutler, Tom",86,24,18,9,6,0,0,0,0,3,2,0,1,1,0,0,5,16,0,0,0,1,2,85,-
2021R2308,Essendon,2021,R23,2020686068,"Draper, Sam",20,7,6,1,1,0,0,20,1,1,2,4,4,2,3,0,6,0,1,0,1,0,0,79,-
2021R2308,Essendon,2021,R23,2021684001,"Durham, Sam",6,10,4,4,6,0,0,0,2,0,3,0,1,1,1,0,3,8,0,0,1,1,0,73,-
2021R2308,Essendon,2021,R23,2016701470,"Francis, Aaron",49,9,6,5,3,0,1,1,0,0,4,0,2,0,0,0,2,7,1,0,5,0,2,81,-
2021R2308,Essendon,2021,R23,2018714830,"Guelfi, Matt",62,20,14,4,6,0,1,0,2,0,6,1,6,2,2,0,9,11,1,1,2,0,0,70,-
2021R2308,Essendon,2021,R23,2011723674,"Heppell, Dyson",190,22,13,8,9,0,0,0,5,2,4,0,0,2,0,0,3,20,0,0,0,0,1,78,-
2021R2308,Essendon,2021,R23,2019726583,"Hind, Nick",43,23,22,8,1,0,0,0,2,4,4,0,2,0,0,0,2,20,0,0,3,2,1,88,-
2021R2308,Essendon,2021,R23,2015764273,"Laverde, Jayden",68,18,11,6,7,0,0,0,1,4,1,1,2,2,1,0,5,12,0,0,2,0,0,92,-
2021R2308,Essendon,2021,R23,2017775567,"McGrath, Andrew",92,21,11,4,10,0,0,0,2,2,1,0,0,1,0,0,3,18,0,0,0,0,1,83,-
2021R2308,Essendon,2021,R23,2014779731,"Merrett, Zach",164,27,9,4,18,0,0,0,4,1,1,3,3,2,1,0,11,18,0,0,3,1,0,83,-
2021R2308,Essendon,2021,R23,2016804522,"Parish, Darcy",115,21,6,1,15,0,1,0,3,2,3,3,1,0,0,0,7,14,0,0,0,0,0,85,-
2021R2308,Essendon,2021,R23,2021809035,"Perkins, Archie",20,12,7,3,5,1,0,0,1,0,3,0,5,1,1,0,5,7,1,0,1,1,1,78,-
2021R2308,Essendon,2021,R23,2016827438,"Redman, Mason",59,21,16,10,5,2,0,0,1,5,3,0,1,1,1,0,3,15,1,0,3,1,0,84,-
2021R2308,Essendon,2021,R23,2018826450,"Ridley, Jordan",47,19,16,9,3,0,0,0,1,6,0,0,2,1,1,0,1,14,0,0,5,0,0,88,-
2021R2308,Essendon,2021,R23,2012834776,"Shiel, Dylan",179,21,7,5,14,0,0,0,3,0,1,4,2,0,1,0,5,16,0,0,1,0,0,74,-
2021R2308,Essendon,2021,R23,2012833121,"Smith, Devon",173,23,14,7,9,2,2,0,4,0,2,2,1,0,0,3,6,17,1,4,1,2,4,83,-
2021R2308,Essendon,2021,R23,2016835941,"Snelling, Will",41,14,5,4,9,1,0,0,6,0,0,1,3,2,1,0,6,10,0,2,0,0,0,85,-
2021R2308,Essendon,2021,R23,2013833750,"Stewart, James",71,15,9,6,6,0,0,0,1,5,2,0,2,0,0,0,5,10,1,0,2,0,0,85,-
2021R2308,Essendon,2021,R23,2013833968,"Stringer, Jake",156,24,17,6,7,2,1,0,1,1,6,6,4,0,1,0,10,16,1,3,4,0,1,84,-
2021R2308,Essendon,2021,R23,2021873920,"Waterman, Alec",13,13,7,5,6,4,0,0,2,0,2,0,2,1,0,1,6,6,2,2,0,0,0,75,-
2021R2308,Essendon,2021,R23,2015873891,"Wright, Peter",86,13,9,8,4,4,0,3,1,0,1,0,5,0,0,2,6,8,4,5,4,1,0,87,-
2021R2307,Fremantle,2021,R23,2014651814,"Acres, Blake",100,16,11,2,5,0,0,0,0,1,6,2,7,0,3,0,6,13,0,0,2,0,0,79,-
2021R2307,Fremantle,2021,R23,2014659159,"Aish, James",120,19,7,1,12,0,0,0,0,2,4,3,2,0,0,0,5,14,0,0,4,1,0,80,-
2021R2307,Fremantle,2021,R23,2018667843,"Banfield, Bailey",38,11,3,0,8,1,0,0,2,2,1,2,6,2,3,0,8,4,0,0,3,0,0,82,-
2021R2307,Fremantle,2021,R23,2019662031,"Bewley, Brett",25,14,6,3,8,0,0,0,0,1,1,0,3,1,0,0,3,11,0,0,2,0,0,80,-
2021R2307,Fremantle,2021,R23,2018669647,"Brayshaw, Andrew",76,29,16,2,13,0,1,0,6,1,3,6,4,4,2,0,11,17,0,0,2,0,1,80,-
2021R2307,Fremantle,2021,R23,2010674136,"Colyer, Travis",128,14,7,3,7,0,2,0,1,0,2,0,1,0,1,0,7,7,0,0,0,2,0,88,-
2021R2307,Fremantle,2021,R23,2018676565,"Crowden, Mitch",40,21,9,2,12,1,1,0,3,1,5,4,2,0,1,0,12,11,0,1,1,0,1,80,-
2021R2307,Fremantle,2021,R23,2017681648,"Darcy, Sean",62,10,3,1,7,0,0,16,1,0,0,1,4,1,1,0,8,4,0,0,0,0,0,76,-
2021R2307,Fremantle,2021,R23,2020729143,"Henry, Liam",20,15,8,4,7,1,1,0,1,0,2,3,2,0,0,0,6,9,1,2,0,1,0,82,-
2021R2307,Fremantle,2021,R23,2017763635,"Logue, Griffin",44,18,8,7,10,0,0,0,1,5,0,0,3,0,0,0,8,9,2,0,2,1,0,95,-
2021R2307,Fremantle,2021,R23,2021775615,"Meek, Lloyd",9,11,4,1,7,0,1,27,3,0,2,3,9,1,5,0,8,6,0,0,4,0,0,88,-
2021R2307,Fremantle,2021,R23,2005777934,"Mundy, David",354,24,11,2,13,0,0,0,4,3,4,2,4,0,1,0,7,18,0,0,1,0,0,81,-
2021R2307,Fremantle,2021,R23,2015804220,"Pearce, Alex",63,12,8,3,4,0,0,0,2,2,1,2,2,1,0,0,6,5,1,0,5,0,0,70,-
2021R2307,Fremantle,2021,R23,2017821854,"Ryan, Luke",85,23,17,7,6,0,0,0,2,6,3,1,1,0,0,0,6,14,0,0,5,0,0,84,-
2021R2307,Fremantle,2021,R23,2020833845,"Serong, Caleb",36,35,15,7,20,0,1,0,2,1,7,9,3,1,0,0,10,24,0,0,0,0,0,74,-
2021R2307,Fremantle,2021,R23,2018835969,"Switkowski, Sam",32,5,1,0,4,1,0,0,5,0,1,0,0,0,0,0,3,2,0,0,1,0,0,39,Off
2021R2307,Fremantle,2021,R23,2013841110,"Taberner, Matthew",103,12,7,6,5,1,1,0,0,0,2,0,3,0,1,0,2,11,0,2,1,0,2,83,-
2021R2307,Fremantle,2021,R23,2021849113,"Treacy, Josh",15,4,3,2,1,1,0,0,2,0,0,0,1,2,1,0,4,1,1,1,0,0,0,85,-
2021R2307,Fremantle,2021,R23,2016849998,"Tucker, Darcy",94,7,5,1,2,0,0,0,3,0,0,0,3,0,2,0,1,7,0,0,3,0,0,83,-
2021R2307,Fremantle,2021,R23,2021872846,"Walker, Brandon",10,14,11,4,3,0,1,0,4,2,3,0,2,0,0,0,0,14,0,1,2,3,0,82,-
2021R2307,Fremantle,2021,R23,2020879167,"Watson, Tobe",14,16,6,4,10,0,0,0,3,1,0,0,2,0,0,0,4,11,0,0,1,0,0,81,-
2021R2307,Fremantle,2021,R23,2021879057,"Western, Joel",4,7,6,3,1,0,0,0,1,1,1,0,3,0,0,0,0,6,0,1,0,0,0,44,On
2021R2307,Fremantle,2021,R23,2020891340,"Young, Hayden",13,17,8,5,9,0,0,0,8,5,2,2,2,2,0,0,9,8,1,0,2,1,0,86,-
2021R2303,Gold Coast,2021,R23,2017651121,"Ainsworth, Ben",74,21,15,5,6,0,2,0,0,0,6,1,6,1,1,0,10,9,1,2,0,0,2,86,-
2021R2303,Gold Coast,2021,R23,2020653600,"Anderson, Noah",37,28,16,5,12,0,0,0,4,2,5,5,5,1,3,0,10,18,0,0,0,0,0,83,-
2021R2303,Gold Coast,2021,R23,2015652891,"Atkins, Rory",109,18,6,3,12,0,1,0,0,1,3,4,1,0,0,0,5,13,0,0,0,0,0,81,-
2021R2303,Gold Coast,2021,R23,2018666487,"Ballard, Charlie",69,9,4,5,5,0,0,0,3,0,0,0,0,0,0,0,2,8,0,0,3,0,0,88,-
2021R2303,Gold Coast,2021,R23,2019661033,"Burgess, Chris",33,6,4,2,2,0,0,9,5,0,1,1,1,0,0,0,4,3,1,0,5,0,0,85,-
2021R2303,Gold Coast,2021,R23,2016673744,"Collins, Sam",59,11,8,7,3,0,0,0,1,3,2,0,1,0,1,0,4,8,1,0,6,0,0,83,-
2021R2303,Gold Coast,2021,R23,2019672117,"Corbett, Josh",32,9,4,2,5,1,1,0,0,0,0,0,1,2,0,0,4,6,0,1,2,0,0,80,-
2021R2303,Gold Coast,2021,R23,2021689563,"Davies, Alex",1,16,5,2,11,0,2,0,6,0,3,2,4,0,2,0,14,3,1,1,1,0,0,65,-
2021R2303,Gold Coast,2021,R23,2020702883,"Farrar, Jy",11,15,8,6,7,0,0,0,2,1,2,0,4,1,2,0,3,14,0,0,3,2,1,87,-
2021R2303,Gold Coast,2021,R23,2016702492,"Fiorini, Brayden",62,20,12,3,8,0,1,0,3,1,4,6,2,0,1,0,10,13,0,0,2,0,1,86,-
2021R2303,Gold Coast,2021,R23,2007728751,"Harbrow, Jarrod",262,21,16,8,5,0,1,0,2,5,1,0,5,1,1,0,3,17,0,0,2,0,0,77,Off
2021R2303,Gold Coast,2021,R23,2021743503,"Jeffrey, Joel",4,6,5,0,1,0,0,0,0,0,1,0,5,0,1,0,3,2,0,0,1,0,0,69,-
2021R2303,Gold Coast,2021,R23,2019755490,"King, Ben",53,8,7,5,1,4,1,0,0,0,2,0,3,0,2,0,3,5,1,2,0,0,0,95,-
2021R2303,Gold Coast,2021,R23,2014766983,"Lemmens, Sean",114,11,7,3,4,0,0,0,0,4,1,0,0,0,0,0,0,11,0,0,3,0,0,90,-
2021R2303,Gold Coast,2021,R23,2019762758,"Lukosius, Jack",60,16,14,6,2,0,0,0,1,6,1,0,2,2,0,0,5,8,0,0,3,0,0,76,-
2021R2303,Gold Coast,2021,R23,2016775553,"Macpherson, Darcy",62,15,11,5,4,0,1,0,4,1,3,1,5,0,3,0,7,8,1,0,1,0,0,76,-
2021R2303,Gold Coast,2021,R23,2015778053,"Miller, Touk",138,37,14,3,23,0,1,0,9,4,4,4,2,2,1,0,15,22,0,0,0,0,1,86,-
2021R2303,Gold Coast,2021,R23,2018804468,"Powell, Wil",57,13,8,4,5,0,0,0,4,4,0,1,4,0,1,0,1,9,0,0,1,1,0,81,-
2021R2303,Gold Coast,2021,R23,2020827213,"Rowell, Matt",17,17,10,3,7,0,0,0,4,0,4,5,3,2,1,0,9,8,0,0,1,0,0,73,-
2021R2303,Gold Coast,2021,R23,2012836288,"Sexton, Alex",154,8,6,3,2,1,0,0,0,0,2,0,2,1,0,0,2,6,0,1,0,0,0,77,-
2021R2303,Gold Coast,2021,R23,2020833450,"Sharp, Jeremy",11,2,1,0,1,0,0,0,0,0,0,1,0,1,0,0,1,1,0,0,0,0,0,8,On
2021R2303,Gold Coast,2021,R23,2011839963,"Smith, Zac",124,8,3,2,5,0,0,25,5,0,0,2,3,1,2,0,3,7,0,0,3,0,0,76,-
2021R2303,Gold Coast,2021,R23,2011834993,"Swallow, David",175,20,11,4,9,0,0,0,2,2,2,3,1,0,0,0,7,12,1,0,0,0,0,89,-
2021R2305,Geelong,2021,R23,2019659412,"Atkins, Tom",54,16,8,4,8,0,0,0,4,3,1,1,3,0,1,0,5,13,0,0,4,0,0,78,-
2021R2305,Geelong,2021,R23,2014668825,"Bews, Jed",125,15,8,6,7,0,0,0,2,1,0,2,3,0,1,0,6,10,0,0,1,0,0,78,-
2021R2305,Geelong,2021,R23,2013661585,"Blicavs, Mark",200,14,8,4,6,0,0,5,5,2,0,2,1,4,1,0,8,9,0,0,9,0,0,94,-
2021R2305,Geelong,2021,R23,2012671758,"Cameron, Jeremy",183,10,7,4,3,2,2,0,0,0,2,0,2,1,2,0,4,6,0,3,3,1,1,90,-
2021R2305,Geelong,2021,R23,2020672557,"Close, Brad",27,13,7,5,6,1,0,0,2,2,1,0,1,0,0,0,6,10,1,0,4,0,0,83,-
2021R2305,Geelong,2021,R23,2011684234,"Dahlhaus, Luke",214,13,6,3,7,1,2,0,3,1,1,1,3,1,0,0,7,7,0,1,3,0,1,74,-
2021R2305,Geelong,2021,R23,2008681760,"Dangerfield, Patrick",282,23,8,3,15,1,0,0,3,0,5,6,6,0,1,0,15,7,0,0,1,0,1,79,-
2021R2305,Geelong,2021,R23,2011716859,"Guthrie, Cameron",202,30,16,8,14,0,0,0,2,3,2,4,2,2,0,0,8,23,0,0,1,0,1,72,-
2021R2305,Geelong,2021,R23,2007724084,"Hawkins, Tom",299,12,9,5,3,4,0,1,2,0,0,0,1,1,0,0,6,5,1,2,2,0,1,97,-
2021R2305,Geelong,2021,R23,2008721800,"Henderson, Lachie",203,24,21,15,3,0,0,0,1,8,1,0,3,1,1,0,1,19,0,0,5,0,0,100,-
2021R2305,Geelong,2021,R23,2018726120,"Henry, Jack",87,14,8,6,6,0,0,0,4,1,1,0,2,1,0,0,6,9,0,0,8,0,1,100,-
2021R2305,Geelong,2021,R23,2006722851,"Higgins, Shaun",253,0,0,0,0,0,0,0,0,0,0,0,0,0,0,0,0,0,0,0,0,0,0,0,-
2021R2305,Geelong,2021,R23,2021723612,"Holmes, Max",10,18,4,2,14,0,0,0,7,3,3,5,2,0,0,0,10,8,0,0,1,0,1,65,-
2021R2305,Geelong,2021,R23,2015755425,"Kolodjashnij, Jake",129,15,12,7,3,0,0,0,0,1,3,0,2,1,0,0,2,13,0,0,5,0,0,83,-
2021R2305,Geelong,2021,R23,2016776590,"Menegola, Sam",106,25,20,7,5,0,0,0,2,6,4,1,5,0,0,0,9,16,0,0,0,0,0,84,-
2021R2305,Geelong,2021,R23,2019776865,"Miers, Gryan",58,13,8,1,5,0,0,0,1,2,2,0,1,2,0,0,5,8,0,0,0,0,0,77,-
2021R2305,Geelong,2021,R23,2017798614,"OConnor, Mark",64,15,10,6,5,0,0,0,0,2,1,1,3,0,2,0,6,9,0,0,2,0,0,87,-
2021R2305,Geelong,2021,R23,2017807670,"Parfitt, Brandan",93,22,12,0,10,0,0,0,8,0,7,5,4,3,3,0,9,11,0,0,0,0,0,68,-
2021R2305,Geelong,2021,R23,2010827761,"Rohan, Gary",162,8,3,2,5,2,1,0,3,0,0,0,3,0,2,0,3,5,0,2,1,0,0,88,-
2021R2305,Geelong,2021,R23,2007835833,"Selwood, Joel",331,28,17,4,11,1,0,0,6,0,3,6,5,5,2,2,16,11,0,0,1,0,1,64,-
2021R2305,Geelong,2021,R23,2017831987,"Simpson, Sam",18,12,8,2,4,0,0,0,2,0,3,0,2,0,0,0,2,10,0,0,0,0,1,71,-
2021R2305,Geelong,2021,R23,2011833883,"Smith, Isaac",231,24,20,11,4,0,0,0,1,5,5,0,1,1,0,0,2,19,0,0,1,0,0,89,-
2021R2305,Geelong,2021,R23,2010834704,"Stanley, Rhys",160,13,9,1,4,0,0,33,3,2,4,7,3,0,1,0,4,6,0,0,6,0,0,80,-
2021R2306,Greater Western Sydney,2021,R23,2020651147,"Ash, Lachie",33,15,8,5,7,0,0,0,3,0,1,0,2,0,0,0,5,10,1,0,1,2,0,87,-
2021R2306,Greater Western Sydney,2021,R23,2021665802,"Briggs, Kieren",5,13,8,2,5,0,0,26,3,0,3,3,4,2,1,0,12,2,2,1,2,0,0,69,-
2021R2306,Greater Western Sydney,2021,R23,2021661243,"Bruhn, Tanner",11,9,6,1,3,0,0,0,7,0,2,1,4,1,1,0,7,2,0,0,1,1,0,63,-
2021R2306,Greater Western Sydney,2021,R23,2012675967,"Coniglio, Stephen",154,6,4,2,2,0,2,0,1,0,1,1,1,0,0,0,1,5,0,1,0,0,0,17,On
2021R2306,Greater Western Sydney,2021,R23,2018671956,"Cumming, Isaac",32,19,16,12,3,0,0,0,1,5,2,0,3,0,0,0,3,14,2,0,3,1,0,82,-
2021R2306,Greater Western Sydney,2021,R23,2012717773,"Greene, Toby",175,20,15,11,5,1,3,1,2,0,3,0,5,1,2,0,7,15,3,6,0,0,0,89,-
2021R2306,Greater Western Sydney,2021,R23,2012726893,"Haynes, Nick",164,12,9,9,3,0,0,0,1,3,1,0,0,0,0,0,3,11,0,0,4,0,0,86,-
2021R2306,Greater Western Sydney,2021,R23,2016723009,"Himmelberg, Harry",103,10,7,4,3,1,0,2,5,0,2,1,3,0,1,0,7,3,2,1,2,0,2,92,-
2021R2306,Greater Western Sydney,2021,R23,2015723350,"Hogan, Jesse",98,10,7,4,3,3,1,0,3,0,1,0,2,1,0,0,8,3,2,3,2,0,1,86,-
2021R2306,Greater Western Sydney,2021,R23,2016727433,"Hopper, Jacob",105,21,13,2,8,1,1,0,7,3,5,7,4,3,3,0,10,11,0,0,0,2,0,79,-
2021R2306,Greater Western Sydney,2021,R23,2019735732,"Idun, Connor",24,17,8,5,9,0,0,0,0,3,0,1,1,0,0,0,5,12,0,0,2,0,0,85,-
2021R2306,Greater Western Sydney,2021,R23,2014752713,"Kelly, Josh",153,29,19,1,10,0,1,0,5,2,10,5,3,3,0,1,11,19,0,0,3,1,1,84,-
2021R2306,Greater Western Sydney,2021,R23,2012758114,"Kennedy, Adam",130,11,7,1,4,0,0,0,2,1,4,2,1,1,1,0,4,7,0,0,4,0,0,82,-
2021R2306,Greater Western Sydney,2021,R23,2017765543,"Lloyd, Daniel",65,10,5,3,5,1,1,0,4,0,0,0,3,0,2,0,3,6,0,1,0,0,0,89,-
2021R2306,Greater Western Sydney,2021,R23,2020795814,"OHalloran, Xavier",19,9,5,2,4,1,0,0,1,1,1,0,1,1,0,0,3,6,0,0,0,0,1,66,Off
2021R2306,Greater Western Sydney,2021,R23,2017805026,"Perryman, Harry",68,21,15,4,6,1,0,0,0,5,4,1,1,1,0,0,8,11,0,0,2,0,0,87,-
2021R2306,Greater Western Sydney,2021,R23,2019834419,"Sproule, Zach",9,9,6,3,3,1,0,4,4,0,1,1,2,1,0,0,4,6,0,0,2,0,0,64,-
2021R2306,Greater Western Sydney,2021,R23,2019837061,"Stein, Jake",9,6,6,3,0,0,0,0,0,4,0,0,1,1,0,0,2,4,1,1,4,0,0,77,-
2021R2306,Greater Western Sydney,2021,R23,2017848621,"Taranto, Tim",96,29,16,5,13,0,4,0,2,1,6,11,4,0,1,0,16,12,0,2,0,0,0,81,-
2021R2306,Greater Western Sydney,2021,R23,2018845175,"Taylor, Sam",51,13,9,8,4,0,0,0,1,2,1,0,1,1,1,0,6,9,3,0,8,0,0,97,-
2021R2306,Greater Western Sydney,2021,R23,2008879369,"Ward, Callan",246,28,15,2,13,2,1,0,5,0,7,8,1,3,1,3,14,14,0,2,2,0,1,78,-
2021R2306,Greater Western Sydney,2021,R23,2013873745,"Whitfield, Lachie",165,21,13,2,8,0,0,0,1,4,2,0,2,0,0,0,4,10,0,0,3,0,0,87,-
2021R2306,Greater Western Sydney,2021,R23,20091002045,"de Boer, Matt",209,16,3,2,13,0,0,0,3,0,1,1,1,0,0,0,4,12,0,0,1,0,2,75,-
2021R2302,Hawthorn,2021,R23,2021668904,"Bramble, Lachlan",10,18,10,3,8,0,0,0,4,3,4,0,1,0,1,0,3,13,0,0,1,1,0,87,-
2021R2302,Hawthorn,2021,R23,2021662446,"Brockman, Tyler",11,8,4,4,4,3,0,0,2,0,1,0,0,0,0,0,0,7,0,2,0,0,1,67,-
2021R2302,Hawthorn,2021,R23,2002669287,"Burgoyne, Shaun",407,21,11,3,10,0,0,0,0,7,3,0,3,0,0,0,5,14,0,0,2,0,0,78,-
2021R2302,Hawthorn,2021,R23,2013677583,"Ceglar, Jonathon",101,19,2,2,17,0,0,24,4,1,4,8,3,0,1,0,12,9,1,0,6,0,0,71,-
2021R2302,Hawthorn,2021,R23,2012702150,"Frost, Sam",129,16,14,7,2,0,0,0,2,3,0,0,0,1,0,0,4,10,0,0,1,1,0,94,-
2021R2302,Hawthorn,2021,R23,2019721542,"Hanrahan, Oliver",29,13,7,2,6,1,0,0,0,0,0,0,1,2,0,0,6,8,0,0,1,0,0,69,-
2021R2302,Hawthorn,2021,R23,2016727274,"Hardwick, Blake",102,20,15,6,5,0,0,0,3,8,0,0,1,1,0,0,3,14,0,0,4,0,0,86,-
2021R2302,Hawthorn,2021,R23,2013724713,"Hartigan, Kyle",132,9,4,2,5,0,0,0,0,2,0,1,1,1,1,0,5,4,0,0,3,0,0,96,-
2021R2302,Hawthorn,2021,R23,2015729666,"Howe, Daniel",87,25,15,5,10,0,1,0,2,1,5,1,0,1,0,0,5,18,0,0,3,0,1,84,-
2021R2302,Hawthorn,2021,R23,2021759277,"Koschitzke, Jacob",20,5,4,1,1,0,0,0,3,0,1,0,3,3,1,0,4,1,0,0,2,0,1,71,Off
2021R2302,Hawthorn,2021,R23,2018768364,"Lewis, Mitch",36,8,7,5,1,2,1,5,1,0,2,0,3,1,2,0,4,4,1,2,3,0,0,92,-
2021R2302,Hawthorn,2021,R23,2008773550,"McEvoy, Ben",244,13,7,9,6,0,2,13,6,1,1,3,4,3,3,0,11,5,4,1,4,0,0,84,-
2021R2302,Hawthorn,2021,R23,2013777613,"Mitchell, Tom",150,36,14,6,22,0,0,0,5,1,3,4,4,0,2,2,10,28,0,0,1,1,0,87,-
2021R2302,Hawthorn,2021,R23,2017775642,"Morrison, Harry",57,16,5,7,11,0,0,0,3,0,1,0,1,0,1,0,1,15,0,0,2,0,0,74,-
2021R2302,Hawthorn,2021,R23,2018783190,"Nash, Conor",29,24,11,8,13,1,0,0,2,1,5,4,1,1,0,0,7,17,0,0,1,0,0,78,-
2021R2302,Hawthorn,2021,R23,2021789985,"Newcombe, Jai",7,2,0,0,2,0,0,0,0,0,0,1,0,0,0,0,1,1,0,0,0,0,0,21,On
2021R2302,Hawthorn,2021,R23,2014793667,"OBrien, Tim",97,18,11,7,7,0,0,0,1,3,2,0,2,1,1,0,5,13,0,0,3,0,0,91,-
2021R2302,Hawthorn,2021,R23,2013794024,"OMeara, Jaeger",122,36,20,7,16,0,2,0,1,3,5,6,4,1,1,1,15,19,0,0,0,0,0,84,-
2021R2302,Hawthorn,2021,R23,2016801382,"Phillips, Tom",111,16,12,4,4,2,1,0,1,1,1,0,2,0,0,0,2,14,0,2,0,0,0,69,-
2021R2302,Hawthorn,2021,R23,2017838024,"Scrimshaw, Jack",47,25,16,6,9,1,0,0,1,2,1,0,3,0,0,0,6,20,0,0,3,2,0,80,-
2021R2302,Hawthorn,2021,R23,2009832661,"Shiels, Liam",242,20,11,8,9,0,0,0,0,0,1,1,0,0,0,0,2,20,0,1,2,0,1,83,-
2021R2302,Hawthorn,2021,R23,2012874810,"Wingard, Chad",194,30,15,3,15,2,1,0,5,0,4,6,4,2,1,3,11,21,0,1,0,1,2,81,-
2021R2302,Hawthorn,2021,R23,2018871911,"Worpel, James",68,25,14,7,11,0,0,0,1,3,3,1,2,0,1,0,7,17,0,0,2,0,0,73,-
2021R2305,Melbourne,2021,R23,2021666343,"Bowey, Jake",4,16,7,4,9,0,0,0,0,1,1,3,3,0,2,0,5,9,0,0,1,0,0,78,-
2021R2305,Melbourne,2021,R23,2015665345,"Brayshaw, Angus",116,18,13,5,5,0,0,0,4,1,4,1,6,1,2,0,3,12,0,0,4,0,0,82,-
2021R2305,Melbourne,2021,R23,2014665536,"Brown, Ben",140,9,7,5,2,2,0,0,1,0,4,1,2,1,1,0,3,6,1,3,2,0,0,79,-
2021R2305,Melbourne,2021,R23,2018705341,"Fritsch, Bayley",82,7,6,2,1,1,2,0,4,0,2,0,1,1,1,0,2,6,0,1,0,1,0,86,-
2021R2305,Melbourne,2021,R23,2011718646,"Gawn, Max",156,25,17,6,8,1,0,39,3,2,5,7,3,0,1,1,13,12,2,1,3,0,0,87,-
2021R2305,Melbourne,2021,R23,2015722143,"Harmes, James",119,26,10,2,16,0,0,0,3,4,5,5,3,1,0,0,11,15,0,0,1,0,1,82,-
2021R2305,Melbourne,2021,R23,2020747780,"Jackson, Luke",27,7,1,1,6,0,0,7,2,0,0,0,2,0,1,0,3,4,0,1,0,0,0,67,-
2021R2305,Melbourne,2021,R23,2021745011,"Jordon, James",22,0,0,0,0,0,0,0,0,0,0,0,0,0,0,0,0,0,0,0,0,0,0,0,-
2021R2305,Melbourne,2021,R23,2015765853,"Langdon, Ed",106,19,12,3,7,0,0,0,2,0,4,1,4,0,1,0,3,15,0,0,2,0,0,96,-
2021R2305,Melbourne,2021,R23,2015761111,"Lever, Jake",114,22,11,8,11,0,0,0,1,4,2,0,1,1,1,0,10,11,4,0,5,0,1,100,-
2021R2305,Melbourne,2021,R23,2011771473,"May, Steven",168,19,18,9,1,0,0,0,0,8,1,0,4,2,1,0,3,11,1,0,5,0,0,100,-
2021R2305,Melbourne,2021,R23,2011779716,"McDonald, Tom",190,6,4,2,2,0,0,3,2,0,2,1,2,0,1,0,2,4,0,0,0,0,0,81,-
2021R2305,Melbourne,2021,R23,2015783703,"Neal-Bullen, Alex",102,16,6,3,10,0,0,0,5,2,1,3,2,0,1,0,9,8,0,0,3,0,0,79,-
2021R2305,Melbourne,2021,R23,2016799932,"Oliver, Clayton",121,37,17,2,20,2,1,0,7,1,7,9,6,4,3,3,26,11,1,0,1,0,1,90,-
2021R2305,Melbourne,2021,R23,2016803810,"Petracca, Christian",124,26,13,3,13,0,0,0,3,3,4,6,3,1,1,0,11,14,0,0,2,0,2,89,-
2021R2305,Melbourne,2021,R23,2018802450,"Petty, Harry",27,7,4,1,3,0,0,0,4,1,0,0,2,2,2,0,5,4,0,0,2,0,0,97,-
2021R2305,Melbourne,2021,R23,2020802101,"Pickett, Kysaiah",36,14,12,4,2,3,1,0,3,0,5,3,2,0,1,0,6,6,0,1,0,1,1,72,-
2021R2305,Melbourne,2021,R23,2020821360,"Rivers, Trent",31,12,5,3,7,0,0,0,3,3,1,0,2,0,1,0,1,9,0,0,1,0,0,65,-
2021R2305,Melbourne,2021,R23,2014831646,"Salem, Christian",127,27,16,9,11,0,0,0,4,5,3,4,6,0,2,0,7,20,0,0,0,0,0,85,-
2021R2305,Melbourne,2021,R23,2017838949,"Smith, Joel",20,6,3,4,3,0,0,0,2,0,0,0,0,0,0,0,3,5,0,0,4,0,0,76,-
2021R2305,Melbourne,2021,R23,2018831644,"Spargo, Charlie",56,10,7,3,3,2,0,0,3,0,1,0,0,0,0,0,2,7,0,0,1,0,1,74,-
2021R2305,Melbourne,2021,R23,2019831764,"Sparrow, Tom",25,12,10,6,2,0,0,0,5,1,2,0,3,2,0,0,7,6,3,1,0,0,0,62,-
2021R2305,Melbourne,2021,R23,2013864812,"Viney, Jack",147,17,8,2,9,1,1,0,9,1,2,4,3,1,0,0,5,12,0,0,5,0,1,73,-
2021R2309,North Melbourne,2021,R23,2013651330,"Anderson, Jed",85,20,7,1,13,1,0,0,5,1,1,3,5,2,1,0,9,11,0,0,2,0,0,80,-
2021R2309,North Melbourne,2021,R23,2011656008,"Atley, Shaun",234,17,4,2,13,0,0,0,2,1,0,0,2,0,0,0,8,8,0,0,1,0,0,90,-
2021R2309,North Melbourne,2021,R23,2018669246,"Bonar, Aiden",22,6,5,1,1,0,0,0,3,1,0,0,3,0,2,0,2,5,0,0,6,1,0,84,-
2021R2309,North Melbourne,2021,R23,2020661983,"Bosenavulagi, Atu",11,7,4,4,3,0,0,0,2,2,1,0,3,1,1,0,3,4,0,0,1,0,0,72,-
2021R2309,North Melbourne,2021,R23,2018687507,"Davies-Uniacke, Luke",50,18,11,5,7,0,0,0,2,2,3,4,2,0,0,0,6,12,0,0,1,2,0,80,-
2021R2309,North Melbourne,2021,R23,2015686612,"Dumont, Trent",113,14,9,4,5,0,0,0,2,1,5,0,2,0,1,0,0,15,0,0,3,0,0,80,-
2021R2309,North Melbourne,2021,R23,2021709219,"Ford, Eddie",5,9,5,3,4,0,1,0,3,0,2,0,1,1,0,0,2,6,0,1,0,0,0,84,-
2021R2309,North Melbourne,2021,R23,2008718054,"Goldstein, Todd",273,12,4,1,8,0,0,41,4,0,2,5,0,1,0,0,9,3,1,0,5,0,0,91,-
2021R2309,North Melbourne,2021,R23,2012722939,"Hall, Aaron",144,37,28,5,9,0,0,0,3,16,1,1,6,1,1,1,3,21,0,0,1,2,1,90,-
2021R2309,North Melbourne,2021,R23,2017767879,"Larkey, Nick",51,13,6,5,7,3,0,0,1,0,0,1,1,2,0,0,5,8,1,3,2,0,0,90,-
2021R2309,North Melbourne,2021,R23,2014771514,"McDonald, Luke",137,11,8,3,3,0,0,0,7,5,1,0,6,0,2,0,3,4,2,0,2,1,0,87,-
2021R2309,North Melbourne,2021,R23,2017775377,"McKay, Ben",37,6,4,4,2,0,0,0,1,2,0,0,1,0,1,0,2,4,0,0,7,0,0,88,-
2021R2309,North Melbourne,2021,R23,2021802041,"Phillips, Will",16,10,2,1,8,1,0,0,2,0,1,1,2,0,2,0,6,5,0,0,0,0,0,59,-
2021R2309,North Melbourne,2021,R23,2019839062,"Scott, Bailey",34,5,3,0,2,1,0,0,0,0,0,0,2,0,1,0,4,2,0,0,0,0,0,25,On
2021R2309,North Melbourne,2021,R23,2017831292,"Simpkin, Jy",95,26,13,2,13,0,0,0,7,1,6,4,5,2,0,0,8,18,0,1,2,2,0,84,-
2021R2309,North Melbourne,2021,R23,2021835338,"Spicer, Phoenix",1,7,3,1,4,0,1,0,0,0,2,0,2,0,0,0,2,5,0,0,1,0,0,78,-
2021R2309,North Melbourne,2021,R23,2018835819,"Stephenson, Jaidyn",73,17,7,4,10,0,1,0,4,0,5,3,2,2,1,0,5,12,0,0,0,2,0,83,-
2021R2309,North Melbourne,2021,R23,2010848340,"Tarrant, Robbie",174,16,10,8,6,0,0,0,2,4,0,0,2,0,0,0,2,13,0,0,5,0,0,90,-
2021R2309,North Melbourne,2021,R23,2019848070,"Taylor, Curtis",30,14,11,1,3,0,1,0,5,2,2,1,1,0,0,0,5,10,0,0,0,1,1,78,-
2021R2309,North Melbourne,2021,R23,2019848953,"Thomas, Tarryn",47,26,15,5,11,1,1,0,7,2,2,3,3,3,0,0,16,10,1,1,2,1,0,82,-
2021R2309,North Melbourne,2021,R23,2014841299,"Turner, Kayne",101,10,5,5,5,0,0,0,2,2,0,0,1,1,0,0,4,6,0,1,2,0,0,78,-
2021R2309,North Melbourne,2021,R23,2012874022,"Walker, Josh",123,8,5,1,3,1,0,4,1,0,2,0,3,1,0,0,4,4,0,0,0,0,0,75,-
2021R2309,North Melbourne,2021,R23,2017901846,"Zurhaar, Cameron",64,6,6,3,0,0,0,0,2,0,1,0,2,2,1,0,3,4,0,2,1,0,1,52,Off
2021R2301,Port Adelaide,2021,R23,2016655002,"Aliir, Aliir",86,12,11,8,1,0,0,0,4,4,1,0,0,2,0,0,5,6,3,0,6,0,0,98,-
2021R2301,Port Adelaide,2021,R23,2015653134,"Amon, Karl",100,19,16,6,3,0,2,0,4,0,5,2,1,2,0,0,4,18,0,0,2,1,1,81,-
2021R2301,Port Adelaide,2021,R23,2021663355,"Bergman, Miles",21,14,10,7,4,0,0,0,1,0,1,1,1,0,0,0,3,11,0,0,0,0,0,85,-
2021R2301,Port Adelaide,2021,R23,2007664906,"Boak, Travis",304,31,18,5,13,2,3,0,4,0,6,4,3,0,0,3,11,22,1,2,3,0,1,81,-
2021R2301,Port Adelaide,2021,R23,2016662686,"Bonner, Riley",63,24,17,11,7,0,0,0,2,3,1,1,3,1,1,0,2,21,0,0,1,0,0,85,-
2021R2301,Port Adelaide,2021,R23,2016669115,"Burton, Ryan",93,18,13,7,5,0,0,0,4,3,4,0,2,0,1,0,3,14,1,0,3,0,0,78,-
2021R2301,Port Adelaide,2021,R23,2019663639,"Butters, Zak",46,18,9,4,9,0,0,0,1,1,2,3,8,0,3,0,4,14,0,0,2,2,2,83,-
2021R2301,Port Adelaide,2021,R23,2016664470,"Byrne-Jones, Darcy",127,16,13,4,3,0,0,0,0,1,5,4,1,2,0,0,9,8,0,0,4,1,0,74,-
2021R2301,Port Adelaide,2021,R23,2011685707,"Dixon, Charlie",175,9,5,2,4,0,0,6,0,0,0,0,5,0,1,0,5,3,1,0,2,0,0,95,-
2021R2301,Port Adelaide,2021,R23,2019689522,"Drew, Willem",32,14,5,1,9,0,0,0,6,1,2,1,5,0,3,0,4,9,0,0,1,0,1,64,-
2021R2301,Port Adelaide,2021,R23,2019688399,"Duursma, Xavier",44,18,10,5,8,0,0,0,2,1,2,2,1,3,0,0,7,11,1,1,0,0,0,79,-
2021R2301,Port Adelaide,2021,R23,2020717789,"Georgiades, Mitch",28,7,5,2,2,0,1,0,4,0,0,0,1,3,0,0,3,3,0,1,0,0,0,41,Off
2021R2301,Port Adelaide,2021,R23,2007719318,"Gray, Robbie",253,25,13,3,12,2,0,0,3,0,3,6,3,4,0,1,16,8,0,1,1,0,1,78,-
2021R2301,Port Adelaide,2021,R23,2017722204,"Houston, Dan",98,20,10,5,10,0,0,0,2,2,0,0,0,0,0,0,4,16,0,0,0,1,0,82,-
2021R2301,Port Adelaide,2021,R23,2011746753,"Jonas, Tom",180,16,13,9,3,0,0,0,1,5,0,0,0,1,0,0,4,11,1,0,6,0,0,94,-
2021R2301,Port Adelaide,2021,R23,2019763449,"Ladhams, Peter",30,8,4,4,4,2,0,5,1,0,2,1,0,0,0,0,4,3,1,2,1,0,0,77,-
2021R2301,Port Adelaide,2021,R23,2011765875,"Lycett, Scott",126,22,8,2,14,0,1,40,1,1,1,5,2,1,2,0,11,12,0,0,1,0,0,80,-
2021R2301,Port Adelaide,2021,R23,2017771202,"Marshall, Todd",53,12,9,8,3,0,2,0,2,1,1,0,1,1,0,0,5,7,1,3,2,0,0,70,-
2021R2301,Port Adelaide,2021,R23,2013773131,"Mayes, Sam",118,4,1,2,3,0,0,0,2,0,1,0,1,0,1,0,3,1,1,0,1,0,0,36,On
2021R2301,Port Adelaide,2021,R23,2011773387,"McKenzie, Trent",137,19,16,9,3,0,0,0,5,6,1,0,3,0,0,0,4,12,1,0,6,0,0,89,-
2021R2301,Port Adelaide,2021,R23,2010777559,"Motlop, Steven",201,13,7,2,6,0,1,0,4,1,4,0,3,2,0,0,4,9,0,1,0,0,0,76,-
2021R2301,Port Adelaide,2021,R23,2019822304,"Rozee, Connor",57,21,12,6,9,2,1,0,2,0,3,1,3,0,2,0,6,14,1,2,2,0,2,92,-
2021R2301,Port Adelaide,2021,R23,2013873126,"Wines, Ollie",180,34,14,2,20,1,0,0,9,3,5,4,3,1,1,2,17,18,0,0,0,0,0,80,-
2021R2302,Richmond,2021,R23,2020654979,"Aarts, Jake",35,4,3,1,1,0,1,0,2,0,2,2,0,1,0,0,2,2,0,0,0,0,1,12,On
2021R2302,Richmond,2021,R23,2010658214,"Astbury, David",155,20,12,13,8,0,0,0,2,3,0,0,3,1,2,0,5,14,1,0,4,0,0,98,-
2021R2302,Richmond,2021,R23,2018663038,"Baker, Liam",64,12,9,5,3,0,1,0,1,2,3,1,2,0,1,0,4,8,0,1,1,0,2,81,-
2021R2302,Richmond,2021,R23,2017662192,"Bolton, Shai",67,14,11,6,3,2,0,0,2,0,5,0,3,1,1,0,6,8,1,2,1,2,0,91,-
2021R2302,Richmond,2021,R23,2016673772,"Castagna, Jason",118,11,6,5,5,1,1,0,0,0,4,0,2,0,0,0,3,9,0,1,2,0,1,81,-
2021R2302,Richmond,2021,R23,2016676375,"Chol, Mabior",31,7,5,4,2,1,1,4,3,0,1,1,0,0,0,0,3,3,1,2,0,0,0,50,-
2021R2302,Richmond,2021,R23,2019679542,"Coleman-Jones, Callum",9,9,4,3,5,0,0,12,4,1,2,2,3,0,3,0,7,4,2,0,2,0,0,68,-
2021R2302,Richmond,2021,R23,2021677886,"Collier-Dawkins, Riley",9,19,10,3,9,0,0,0,1,2,3,5,2,0,1,0,8,11,0,0,1,0,0,64,-
2021R2302,Richmond,2021,R23,2020682831,"Dow, Thomson",7,15,6,3,9,0,0,0,1,0,1,0,2,0,0,0,2,13,0,0,1,0,0,69,Off
2021R2302,Richmond,2021,R23,2017716913,"Graham, Jack",77,17,14,3,3,0,1,0,5,3,3,3,2,2,1,0,8,11,0,0,1,1,0,91,-
2021R2302,Richmond,2021,R23,2010719510,"Grimes, Dylan",192,21,12,9,9,0,0,0,2,1,0,1,2,2,1,0,7,13,2,0,5,0,0,88,-
2021R2302,Richmond,2021,R23,2011769877,"Lynch, Tom",193,16,13,7,3,3,3,0,2,0,2,0,2,3,1,0,10,6,3,5,3,0,1,93,-
2021R2302,Richmond,2021,R23,2021778106,"Martyn, Will",3,14,10,5,4,0,0,0,2,0,2,2,2,0,1,0,4,10,0,0,1,0,0,77,-
2021R2302,Richmond,2021,R23,2015771823,"McIntosh, Kamdyn",125,16,10,5,6,0,0,0,5,2,2,1,2,1,2,0,5,12,0,0,1,0,0,83,-
2021R2302,Richmond,2021,R23,2021778136,"Miller, Ben",1,6,4,2,2,0,0,0,0,2,0,0,0,1,0,0,5,3,0,0,8,0,0,93,-
2021R2302,Richmond,2021,R23,2019801558,"Parker, Matthew",25,9,6,3,3,0,0,0,4,1,2,0,3,0,1,0,2,6,0,0,2,0,1,84,-
2021R2302,Richmond,2021,R23,2019805439,"Pickett, Marlion",38,13,10,8,3,0,1,0,0,0,5,0,2,0,0,0,5,8,1,1,0,2,1,83,-
2021R2302,Richmond,2021,R23,2007822538,"Riewoldt, Jack",305,12,6,4,6,3,0,0,0,0,3,0,3,0,1,0,8,5,1,2,2,0,0,93,-
2021R2302,Richmond,2021,R23,2016827316,"Rioli, Daniel",114,19,8,3,11,0,0,0,3,1,1,1,0,0,0,0,6,12,0,0,1,0,0,75,-
2021R2302,Richmond,2021,R23,2019827224,"Ross, Jack",29,24,13,5,11,0,0,0,4,3,6,4,1,1,0,0,11,12,1,0,2,0,0,79,-
2021R2302,Richmond,2021,R23,2016835840,"Short, Jayden",114,26,19,9,7,0,0,0,1,3,4,0,1,0,0,0,5,20,0,0,3,0,0,85,-
2021R2302,Richmond,2021,R23,2019838360,"Stack, Sydney",33,15,9,3,6,2,0,0,3,2,0,1,4,1,0,0,5,11,1,1,2,0,0,73,-
2021R2302,Richmond,2021,R23,2013864952,"Vlastuin, Nick",173,20,10,6,10,0,0,0,4,7,2,1,4,2,2,0,6,12,0,0,3,0,0,88,-
2021R2307,St Kilda,2021,R23,2017669102,"Butler, Dan",86,7,7,1,0,2,0,0,5,0,4,0,1,1,1,0,3,4,0,0,2,3,1,87,-
2021R2307,St Kilda,2021,R23,2020667484,"Byrnes, Ryan",17,7,6,4,1,0,0,0,1,3,1,0,0,0,0,0,2,5,0,0,0,0,0,22,On
2021R2307,St Kilda,2021,R23,2020665793,"Bytel, Jack",16,17,10,2,7,2,0,0,7,1,2,3,6,1,2,0,6,13,0,0,1,0,0,88,-
2021R2307,St Kilda,2021,R23,2021672637,"Clavarino, Oscar",5,7,6,4,1,0,0,0,3,1,0,0,2,0,1,0,1,6,1,0,5,0,0,81,-
2021R2307,St Kilda,2021,R23,2018671121,"Coffield, Nick",52,21,17,7,4,0,0,0,4,2,3,0,1,3,0,0,6,15,0,0,1,1,0,86,-
2021R2307,St Kilda,2021,R23,2013674392,"Crouch, Brad",115,28,14,5,14,0,0,0,4,3,3,2,4,1,0,0,10,18,0,0,2,0,0,76,-
2021R2307,St Kilda,2021,R23,2009726698,"Hannebery, Dan",223,22,9,2,13,0,0,0,1,2,1,6,5,0,0,0,10,12,0,0,0,0,0,58,-
2021R2307,St Kilda,2021,R23,2018729702,"Higgins, Jack",62,21,10,5,11,2,0,0,1,0,1,0,2,1,2,0,8,13,1,1,0,0,1,85,-
2021R2307,St Kilda,2021,R23,2012727078,"Hill, Bradley",190,19,12,4,7,0,0,0,2,5,1,0,4,0,1,0,0,15,0,0,0,1,1,64,Off
2021R2307,St Kilda,2021,R23,2016728510,"Howard, Dougal",85,11,8,6,3,0,0,0,1,3,1,1,1,0,0,0,3,8,0,0,10,0,0,95,-
2021R2307,St Kilda,2021,R23,2021729078,"Hunter, Paul",7,4,1,0,3,0,0,16,6,0,4,4,1,1,0,0,6,1,0,0,7,0,1,61,-
2021R2307,St Kilda,2021,R23,2014745540,"Jones, Zak",119,28,12,3,16,0,0,0,4,4,3,3,2,2,0,0,8,20,0,0,1,3,2,75,-
2021R2307,St Kilda,2021,R23,2013759685,"Kent, Dean",98,17,8,4,9,2,0,0,2,0,4,0,3,0,0,0,4,14,0,1,1,2,0,82,-
2021R2307,St Kilda,2021,R23,2017766216,"Long, Ben",60,6,5,2,1,0,0,0,6,3,2,1,1,1,1,0,4,2,0,0,4,0,1,88,-
2021R2307,St Kilda,2021,R23,2017772591,"Marshall, Rowan",65,21,12,5,9,2,1,13,7,0,2,3,4,3,3,2,12,13,2,1,2,0,1,74,-
2021R2307,St Kilda,2021,R23,2015776577,"McKenzie, Daniel",61,16,8,5,8,0,0,0,0,1,2,2,1,1,0,0,3,12,0,1,1,0,0,59,-
2021R2307,St Kilda,2021,R23,2014777376,"Membrey, Tim",131,16,13,9,3,3,2,1,1,0,4,1,3,0,1,0,3,14,1,5,1,0,0,92,-
2021R2307,St Kilda,2021,R23,2012821790,"Ross, Sebastian",160,14,6,2,8,0,0,0,3,0,0,1,2,1,0,0,3,11,0,0,1,1,1,86,-
2021R2307,St Kilda,2021,R23,2021839564,"Sharman, Cooper",5,15,11,6,4,4,1,2,2,0,2,0,3,0,0,1,6,9,4,4,0,0,1,93,-
2021R2307,St Kilda,2021,R23,2015834201,"Sinclair, Jack",119,22,11,8,11,0,0,0,0,1,3,1,0,0,0,0,5,17,0,0,1,4,1,82,-
2021R2307,St Kilda,2021,R23,2015835970,"Steele, Jack",119,36,17,7,19,0,1,0,6,6,6,6,8,5,2,3,17,19,0,0,3,0,0,92,-
2021R2307,St Kilda,2021,R23,2013872622,"Webster, Jimmy",113,18,12,9,6,0,0,0,0,3,2,0,1,0,0,0,5,11,1,0,0,0,0,77,-
2021R2307,St Kilda,2021,R23,2019871580,"Wilkie, Callum",63,13,8,5,5,0,0,0,3,5,1,0,1,0,1,0,2,11,0,0,7,0,0,94,-
2021R2303,Sydney,2021,R23,2021672027,"Campbell, Braeden",8,8,5,1,3,0,1,0,1,0,0,0,1,0,0,0,3,5,0,1,1,0,1,80,-
2021R2303,Sydney,2021,R23,2012674793,"Cunningham, Harry",150,14,10,3,4,0,0,0,1,3,0,0,2,2,1,0,3,10,0,0,1,0,0,82,-
2021R2303,Sydney,2021,R23,2017687056,"Dawson, Jordan",63,33,24,16,9,1,1,0,3,3,8,1,4,1,0,3,7,27,1,2,2,1,2,81,-
2021R2303,Sydney,2021,R23,2017702539,"Florent, Oliver",92,21,14,7,7,0,0,0,0,4,3,1,2,0,0,0,8,12,1,0,1,3,0,80,-
2021R2303,Sydney,2021,R23,2017701570,"Fox, Robbie",52,7,4,2,3,0,0,1,0,0,1,1,1,0,0,0,2,5,0,1,1,1,2,25,On
2021R2303,Sydney,2021,R23,2005708162,"Franklin, Lance",317,13,9,7,4,6,2,0,5,1,3,1,5,1,2,1,5,10,2,5,2,0,0,75,-
2021R2303,Sydney,2021,R23,2021712929,"Gulden, Errol",17,19,16,9,3,1,0,0,4,4,5,1,1,1,0,0,5,13,1,0,1,0,0,78,-
2021R2303,Sydney,2021,R23,2017724516,"Hayward, Will",88,12,10,5,2,0,2,0,2,0,4,0,3,0,1,0,4,8,0,2,2,0,1,91,-
2021R2303,Sydney,2021,R23,2015728707,"Heeney, Isaac",128,20,12,6,8,3,1,0,2,0,5,2,2,2,0,0,11,10,1,2,2,2,3,83,-
2021R2303,Sydney,2021,R23,2016726232,"Hewett, George",119,23,10,6,13,0,0,0,6,0,6,2,2,1,1,0,8,16,0,0,0,0,2,86,-
2021R2303,Sydney,2021,R23,2011729980,"Hickey, Tom",122,18,9,2,9,1,0,25,7,1,6,4,4,4,0,0,13,6,0,0,3,0,1,72,-
2021R2303,Sydney,2021,R23,2014767931,"Lloyd, Jake",175,36,22,8,14,0,0,0,0,8,2,0,2,1,1,2,6,26,0,0,2,2,1,86,-
2021R2303,Sydney,2021,R23,2018776402,"McCartin, Tom",69,12,8,5,4,0,0,0,0,2,0,0,0,2,0,0,4,9,0,0,6,0,0,93,-
2021R2303,Sydney,2021,R23,2019779724,"McInerney, Justin",30,29,22,13,7,0,0,0,0,2,2,0,3,0,0,0,3,26,0,0,2,1,1,83,-
2021R2303,Sydney,2021,R23,2019773410,"McLean, Hayden",21,10,8,6,2,2,1,6,4,0,1,1,2,0,0,0,3,7,1,4,5,0,0,86,-
2021R2303,Sydney,2021,R23,2017773724,"Melican, Lewis",51,10,8,1,2,0,0,0,2,1,0,0,2,1,1,0,5,4,1,0,7,0,0,82,-
2021R2303,Sydney,2021,R23,2016773830,"Mills, Callum",110,18,5,5,13,1,0,0,4,0,2,0,1,0,0,0,7,11,0,0,0,0,0,51,Off
2021R2303,Sydney,2021,R23,2018799068,"ORiordan, Colin",28,12,8,4,4,0,0,0,1,1,0,0,2,1,0,0,4,8,1,0,3,0,0,79,-
2021R2303,Sydney,2021,R23,2016803212,"Papley, Tom",121,15,13,7,2,3,1,0,0,0,3,2,3,1,1,0,5,9,1,5,1,0,2,81,-
2021R2303,Sydney,2021,R23,2011807692,"Parker, Luke",234,23,11,3,12,0,0,0,5,1,3,9,3,4,1,0,16,8,1,0,2,0,0,85,-
2021R2303,Sydney,2021,R23,2013825860,"Rampe, Dane",189,17,13,4,4,0,0,0,1,8,0,0,2,0,1,0,6,8,2,0,2,0,0,90,-
2021R2303,Sydney,2021,R23,2019826450,"Rowbottom, James",44,18,9,5,9,1,0,0,1,0,1,2,5,0,3,0,3,15,0,1,1,0,1,82,-
2021R2303,Sydney,2021,R23,2020879009,"Wicks, Sam",28,9,5,4,4,2,0,0,2,1,0,0,2,0,2,0,1,8,0,1,2,1,0,69,-
2021R2304,West Coast,2021,R23,2018659713,"Allen, Oscar",59,7,5,2,2,1,0,0,1,1,1,0,0,0,0,0,2,4,0,1,3,0,1,55,Off
2021R2304,West Coast,2021,R23,2015662872,"Barrass, Tom",99,9,7,5,2,0,0,0,0,2,2,0,0,0,0,0,4,6,2,0,13,0,0,94,-
2021R2304,West Coast,2021,R23,2018661796,"Brander, Jarrod",22,14,8,5,6,0,0,0,2,0,3,1,3,0,0,0,3,11,0,0,1,1,0,85,-
2021R2304,West Coast,2021,R23,2016676071,"Cole, Tom",78,10,6,4,4,0,0,0,2,0,1,0,5,0,3,0,2,8,0,0,2,0,0,86,-
2021R2304,West Coast,2021,R23,2011671975,"Cripps, Jamie",199,13,10,3,3,2,0,0,4,0,0,1,2,1,1,0,4,9,0,0,1,0,2,92,-
2021R2304,West Coast,2021,R23,2011688430,"Darling, Jack",236,11,7,6,4,3,2,0,3,0,2,0,3,1,1,0,4,7,1,4,2,0,0,96,-
2021R2304,West Coast,2021,R23,2020698920,"Edwards, Harry",11,6,5,2,1,0,0,0,1,4,0,0,1,0,1,0,3,2,1,0,12,0,0,88,-
2021R2304,West Coast,2021,R23,2020702375,"Foley, Luke",7,12,10,4,2,0,0,0,2,5,1,2,4,0,1,0,7,6,1,0,3,0,0,84,-
2021R2304,West Coast,2021,R23,2011712726,"Gaff, Andrew",236,15,10,3,5,0,0,0,5,4,4,2,2,1,1,0,6,9,1,0,0,0,0,76,-
2021R2304,West Coast,2021,R23,2013728891,"Hutchings, Mark",120,13,7,3,6,0,0,0,1,0,2,2,3,0,0,0,3,8,0,0,1,0,1,81,-
2021R2304,West Coast,2021,R23,2018744900,"Jones, Jamaine",24,7,5,1,2,1,0,0,8,1,4,1,2,2,2,0,4,3,0,1,1,0,1,81,-
2021R2304,West Coast,2021,R23,2009787123,"Naitanui, Nic",205,24,9,1,15,0,0,53,2,0,6,11,7,4,2,0,22,3,1,0,2,0,1,73,-
2021R2304,West Coast,2021,R23,2015788609,"Nelson, Jackson",89,12,11,2,1,0,0,0,1,6,0,1,2,0,1,0,5,5,0,0,2,0,0,82,-
2021R2304,West Coast,2021,R23,2018804230,"Petruccelle, Jack",46,4,3,2,1,0,0,0,0,0,1,0,2,0,2,0,2,2,0,1,0,0,1,24,On
2021R2304,West Coast,2021,R23,2019824307,"Rotham, Josh",33,13,8,8,5,0,0,0,4,1,3,0,1,1,0,0,6,8,1,0,5,0,0,86,-
2021R2304,West Coast,2021,R23,2018829119,"Ryan, Liam",69,13,9,4,4,3,1,0,1,1,5,1,1,1,0,0,4,7,0,1,1,1,1,87,-
2021R2304,West Coast,2021,R23,2014839842,"Sheed, Dom",141,23,12,4,11,0,0,0,0,1,5,6,4,1,2,0,9,16,0,1,2,1,1,86,-
2021R2304,West Coast,2021,R23,2010833473,"Shuey, Luke",221,34,22,2,12,0,0,0,1,4,7,12,6,3,0,0,16,17,0,0,6,3,1,75,-
2021R2304,West Coast,2021,R23,2011864351,"Vardy, Nathan",77,6,3,2,3,2,0,7,1,0,1,0,2,0,1,0,2,4,1,2,5,0,0,62,-
2021R2304,West Coast,2021,R23,2018874605,"Waterman, Jake",53,12,9,4,3,1,0,0,0,1,2,0,2,1,1,0,6,7,1,1,2,0,0,77,-
2021R2304,West Coast,2021,R23,2021872717,"West, Connor",5,10,4,2,6,0,1,0,2,0,1,1,3,0,2,0,6,4,1,1,2,0,1,79,-
2021R2304,West Coast,2021,R23,2017878846,"Witherden, Alex",68,24,20,5,4,0,0,0,4,9,0,0,4,1,2,0,4,11,0,0,0,2,0,76,-
2021R2304,West Coast,2021,R23,2012897871,"Yeo, Elliot",177,30,18,1,12,0,2,0,6,2,6,5,4,1,1,1,17,12,1,0,3,0,0,76,-
2021R2301,Western Bulldogs,2021,R23,2014665253,"Bontempelli, Marcus",167,15,11,3,4,1,0,4,5,2,4,4,5,1,1,0,7,9,0,0,3,0,1,82,-
2021R2301,Western Bulldogs,2021,R23,2015679832,"Cordy, Zaine",102,6,4,0,2,0,0,0,3,3,0,0,0,1,0,0,2,3,0,0,8,0,0,100,-
2021R2301,Western Bulldogs,2021,R23,2015684036,"Dale, Bailey",81,25,21,3,4,0,0,0,1,7,0,0,3,0,2,0,3,15,0,0,3,0,1,85,-
2021R2301,Western Bulldogs,2021,R23,2015685477,"Daniel, Caleb",130,24,19,3,5,0,0,0,1,8,0,0,0,0,0,0,6,12,0,0,1,4,1,77,-
2021R2301,Western Bulldogs,2021,R23,2016686128,"Dunkley, Josh",89,17,7,3,10,1,0,0,4,2,1,4,2,0,1,0,7,10,0,0,2,1,0,68,-
2021R2301,Western Bulldogs,2021,R23,2013682780,"Duryea, Taylor",156,15,12,3,3,0,0,0,2,2,1,1,3,3,1,0,7,9,0,0,5,0,0,75,-
2021R2301,Western Bulldogs,2021,R23,2017691632,"English, Tim",65,9,7,6,2,2,0,1,0,1,1,0,4,0,2,0,3,7,1,1,3,1,0,84,-
2021R2301,Western Bulldogs,2021,R23,2017729930,"Hannan, Mitch",63,11,6,5,5,0,0,0,5,0,3,0,1,1,0,0,5,6,1,0,0,1,0,76,-
2021R2301,Western Bulldogs,2021,R23,2013723481,"Hunter, Lachie",159,22,17,10,5,1,2,0,3,1,4,1,4,0,1,0,2,21,0,2,5,0,2,85,-
2021R2301,Western Bulldogs,2021,R23,2012749203,"Johannisen, Jason",164,6,5,3,1,1,0,0,1,0,2,0,0,0,0,0,2,4,0,0,0,1,0,80,-
2021R2301,Western Bulldogs,2021,R23,2017759851,"Keath, Alex",68,8,3,3,5,0,0,0,1,1,0,0,0,0,0,0,6,2,1,0,6,0,0,100,-
2021R2301,Western Bulldogs,2021,R23,2011766698,"Liberatore, Tom",169,17,7,1,10,0,0,0,5,0,2,4,3,3,1,0,10,6,0,0,3,0,0,80,-
2021R2301,Western Bulldogs,2021,R23,2013773561,"Macrae, Jack",181,29,16,8,13,0,0,0,6,1,4,4,4,0,1,0,8,21,0,0,0,0,1,81,-
2021R2301,Western Bulldogs,2021,R23,2018781136,"Naughton, Aaron",74,8,5,5,3,1,0,0,1,0,1,0,3,0,1,0,4,5,2,1,2,0,0,90,-
2021R2301,Western Bulldogs,2021,R23,2016839938,"Schache, Josh",61,0,0,0,0,0,0,0,0,0,0,0,0,0,0,0,0,0,0,0,0,0,0,0,-
2021R2301,Western Bulldogs,2021,R23,2019836618,"Smith, Bailey",63,25,14,3,11,0,0,0,4,1,7,2,6,2,2,0,9,16,0,0,0,0,0,82,-
2021R2301,Western Bulldogs,2021,R23,2015835077,"Smith, Roarke",33,13,7,5,6,0,0,0,5,1,0,1,2,1,2,0,5,8,2,0,2,0,0,81,-
2021R2301,Western Bulldogs,2021,R23,2012841186,"Treloar, Adam",186,20,10,5,10,1,0,0,1,1,3,4,3,0,0,0,12,10,1,1,3,0,0,72,-
2021R2301,Western Bulldogs,2021,R23,2020867730,"Vandermeer, Laitham",19,14,8,6,6,1,0,0,2,0,2,0,2,1,0,0,4,10,0,0,1,0,0,79,-
2021R2301,Western Bulldogs,2021,R23,2020874392,"Weightman, Cody",16,10,6,2,4,1,1,0,0,0,2,0,2,1,1,0,7,3,1,1,1,0,2,83,-
2021R2301,Western Bulldogs,2021,R23,2016873012,"Williams, Bailey",78,13,8,5,5,0,0,0,2,5,1,1,1,0,1,0,5,9,0,0,4,0,0,80,-
2021R2301,Western Bulldogs,2021,R23,2009879614,"Wood, Easton",184,13,6,5,7,0,0,0,0,2,1,0,6,0,4,0,8,5,1,0,1,0,0,84,-
2021R2301,Western Bulldogs,2021,R23,2017899644,"Young, Lewis",22,14,4,4,10,0,0,13,2,2,4,2,3,1,2,0,9,5,2,0,1,0,0,77,-
